{"cameraMode":{"drawMode":0,"name":"Shaded","section":"Shading Mode"},"sceneLighting":false,"audioPlay":false,"sceneViewState":{"m_AlwaysRefresh":false,"showFog":true,"showSkybox":false,"showFlares":true,"showImageEffects":true,"showParticleSystems":true,"showVisualEffectGraphs":true,"m_FxEnabled":true},"in2DMode":false,"pivot":{"x":-30.980262756347658,"y":-8.257331848144532,"z":-2.5193138122558595},"rotation":{"x":-0.0012916475534439087,"y":-0.9300733208656311,"z":0.36750832200050356,"w":-0.0034749528858810665},"size":35.3588752746582,"orthographic":false}